file_path,class_name,method_name,http_method,endpoint_url,flat_permissions,inferred_page_slug,inferred_crud_action
SMBackend/src/main/java/com/School/School_management/Controller/AboutSchoolController.java,AboutSchoolController,delete,DELETE,/api/about-schools/{id},SCHOOL_MANAGE|HEAD_OFFICE_SCHOOL_MANAGE|*,about-schools,delete
SMBackend/src/main/java/com/School/School_management/Controller/AboutSchoolController.java,AboutSchoolController,update,PUT,/api/about-schools/{id},SCHOOL_MANAGE|HEAD_OFFICE_SCHOOL_MANAGE|*,about-schools,edit
SMBackend/src/main/java/com/School/School_management/Controller/AcademicYearController.java,AcademicYearController,delete,DELETE,/api/academic-years/{id},SCHOOL_MANAGE|HEAD_OFFICE_SCHOOL_MANAGE|*,academic-year,delete
SMBackend/src/main/java/com/School/School_management/Controller/AcademicYearController.java,AcademicYearController,update,PUT,/api/academic-years/{id},SCHOOL_MANAGE|HEAD_OFFICE_SCHOOL_MANAGE|*,academic-year,edit
SMBackend/src/main/java/com/School/School_management/Controller/AdmitCardSettingController.java,AdmitCardSettingController,delete,DELETE,/api/admit-card-settings/{id},SCHOOL_MANAGE|HEAD_OFFICE_SCHOOL_MANAGE|*,admit-card-setting,delete
SMBackend/src/main/java/com/School/School_management/Controller/AdmitCardSettingController.java,AdmitCardSettingController,getById,GET,/api/admit-card-settings/{id},SCHOOL_MANAGE|HEAD_OFFICE_SCHOOL_MANAGE|*,admit-card-setting,view
SMBackend/src/main/java/com/School/School_management/Controller/AdmitCardSettingController.java,AdmitCardSettingController,update,PUT,/api/admit-card-settings/{id},SCHOOL_MANAGE|HEAD_OFFICE_SCHOOL_MANAGE|*,admit-card-setting,edit
SMBackend/src/main/java/com/School/School_management/Controller/AssignmentController.java,AssignmentController,createAssignment,POST,/api/assignments,ASSIGNMENT_MANAGE|ASSIGNMENT_MANAGE_ASSIGNED|*,assignment,add
SMBackend/src/main/java/com/School/School_management/Controller/AssignmentController.java,AssignmentController,deleteAssignment,DELETE,/api/assignments/{id},ASSIGNMENT_MANAGE|ASSIGNMENT_MANAGE_ASSIGNED|*|/{id},assignment,delete
SMBackend/src/main/java/com/School/School_management/Controller/AssignmentController.java,AssignmentController,getAllAssignments,GET,/api/assignments,ASSIGNMENT_MANAGE|ASSIGNMENT_VIEW_OWN|ASSIGNMENT_VIEW_CHILD|ASSIGNMENT_MANAGE_ASSIGNED|*,assignment,view
SMBackend/src/main/java/com/School/School_management/Controller/AssignmentController.java,AssignmentController,getAssignmentById,GET,/api/assignments/{id},ASSIGNMENT_MANAGE|ASSIGNMENT_VIEW_OWN|ASSIGNMENT_VIEW_CHILD|ASSIGNMENT_MANAGE_ASSIGNED|*|/{id},assignment,view
SMBackend/src/main/java/com/School/School_management/Controller/AssignmentController.java,AssignmentController,getAssignmentsForStudent,GET,/api/assignments/student/{studentId},ASSIGNMENT_MANAGE|ASSIGNMENT_VIEW_OWN|ASSIGNMENT_VIEW_CHILD|ASSIGNMENT_MANAGE_ASSIGNED|*|/student/{studentId},assignment,view
SMBackend/src/main/java/com/School/School_management/Controller/AssignmentController.java,AssignmentController,updateAssignment,PUT,/api/assignments/{id},ASSIGNMENT_MANAGE|ASSIGNMENT_MANAGE_ASSIGNED|*|/{id},assignment,edit
SMBackend/src/main/java/com/School/School_management/Controller/AwardController.java,AwardController,delete,DELETE,/api/awards/{id},SCHOOL_MANAGE|HEAD_OFFICE_SCHOOL_MANAGE|*,awards,delete
SMBackend/src/main/java/com/School/School_management/Controller/AwardController.java,AwardController,update,PUT,/api/awards/{id},SCHOOL_MANAGE|HEAD_OFFICE_SCHOOL_MANAGE|*,awards,edit
SMBackend/src/main/java/com/School/School_management/Controller/BookController.java,BookController,delete,DELETE,/api/books/{id},SCHOOL_MANAGE|HEAD_OFFICE_SCHOOL_MANAGE|*,books,delete
SMBackend/src/main/java/com/School/School_management/Controller/BookController.java,BookController,update,PUT,/api/books/{id},SCHOOL_MANAGE|HEAD_OFFICE_SCHOOL_MANAGE|*,books,edit
SMBackend/src/main/java/com/School/School_management/Controller/CandidateController.java,CandidateController,delete,DELETE,/api/candidates/{id},CANDIDATE|*,candidate,delete
SMBackend/src/main/java/com/School/School_management/Controller/CategoryController.java,CategoryController,delete,DELETE,/api/categories/{id},SCHOOL_MANAGE|HEAD_OFFICE_SCHOOL_MANAGE|*,categories,delete
SMBackend/src/main/java/com/School/School_management/Controller/CategoryController.java,CategoryController,getById,GET,/api/categories/{id},SCHOOL_MANAGE|HEAD_OFFICE_SCHOOL_MANAGE|*,categories,view
SMBackend/src/main/java/com/School/School_management/Controller/CategoryController.java,CategoryController,update,PUT,/api/categories/{id},SCHOOL_MANAGE|HEAD_OFFICE_SCHOOL_MANAGE|*,categories,edit
SMBackend/src/main/java/com/School/School_management/Controller/CertificateTypeController.java,CertificateTypeController,delete,DELETE,/api/certificate-types/{id},CERTIFICATE_TYPE|SCHOOL_MANAGE|HEAD_OFFICE_SCHOOL_MANAGE|*,certificate-type,delete
SMBackend/src/main/java/com/School/School_management/Controller/CertificateTypeController.java,CertificateTypeController,getById,GET,/api/certificate-types/{id},CERTIFICATE_TYPE|SCHOOL_MANAGE|HEAD_OFFICE_SCHOOL_MANAGE|*,certificate-type,view
SMBackend/src/main/java/com/School/School_management/Controller/CertificateTypeController.java,CertificateTypeController,update,PUT,/api/certificate-types/{id},CERTIFICATE_TYPE|SCHOOL_MANAGE|HEAD_OFFICE_SCHOOL_MANAGE|*,certificate-type,edit
SMBackend/src/main/java/com/School/School_management/Controller/ClassLectureController.java,ClassLectureController,create,POST,/api/class-lectures,CLASS_VIEW_ASSIGNED|CLASS_MANAGE|*,class-lecture,add
SMBackend/src/main/java/com/School/School_management/Controller/ClassLectureController.java,ClassLectureController,delete,DELETE,/api/class-lectures/{id},CLASS_VIEW_ASSIGNED|CLASS_MANAGE|*,class-lecture,delete
SMBackend/src/main/java/com/School/School_management/Controller/ClassLectureController.java,ClassLectureController,getById,GET,/api/class-lectures/{id},CLASS_VIEW_ASSIGNED|CLASS_MANAGE|*,class-lecture,view
SMBackend/src/main/java/com/School/School_management/Controller/ClassLectureController.java,ClassLectureController,update,PUT,/api/class-lectures/{id},CLASS_VIEW_ASSIGNED|CLASS_MANAGE|*,class-lecture,edit
SMBackend/src/main/java/com/School/School_management/Controller/ClassRoutineController.java,ClassRoutineController,create,POST,/api/class-routines,CLASS_ROUTINE_VIEW|CLASS_ROUTINE_MANAGE|*,class-routine,add
SMBackend/src/main/java/com/School/School_management/Controller/ClassRoutineController.java,ClassRoutineController,delete,DELETE,/api/class-routines/{id},CLASS_ROUTINE_VIEW|CLASS_ROUTINE_MANAGE|*|/{id},class-routine,delete
SMBackend/src/main/java/com/School/School_management/Controller/ClassRoutineController.java,ClassRoutineController,getAll,GET,/api/class-routines,CLASS_ROUTINE_VIEW|CLASS_ROUTINE_MANAGE|*,class-routine,view
SMBackend/src/main/java/com/School/School_management/Controller/ClassRoutineController.java,ClassRoutineController,getById,GET,/api/class-routines/{id},CLASS_ROUTINE_VIEW|CLASS_ROUTINE_MANAGE|*|/{id},class-routine,view
SMBackend/src/main/java/com/School/School_management/Controller/ClassRoutineController.java,ClassRoutineController,update,PUT,/api/class-routines/{id},CLASS_ROUTINE_VIEW|CLASS_ROUTINE_MANAGE|*|/{id},class-routine,edit
SMBackend/src/main/java/com/School/School_management/Controller/DepartmentController.java,DepartmentController,delete,DELETE,/api/departments/{id},DEPARTMENT_MANAGE|*,departments,delete
SMBackend/src/main/java/com/School/School_management/Controller/DepartmentController.java,DepartmentController,update,PUT,/api/departments/{id},DEPARTMENT_MANAGE|*,departments,edit
SMBackend/src/main/java/com/School/School_management/Controller/DesignationController.java,DesignationController,delete,DELETE,/api/designations/{id},SCHOOL_MANAGE|HEAD_OFFICE_SCHOOL_MANAGE|*,designations,delete
SMBackend/src/main/java/com/School/School_management/Controller/DesignationController.java,DesignationController,update,PUT,/api/designations/{id},SCHOOL_MANAGE|HEAD_OFFICE_SCHOOL_MANAGE|*,designations,edit
SMBackend/src/main/java/com/School/School_management/Controller/DiscountController.java,DiscountController,delete,DELETE,/api/discounts/{id},SCHOOL_MANAGE|HEAD_OFFICE_SCHOOL_MANAGE|*,discount,delete
SMBackend/src/main/java/com/School/School_management/Controller/DiscountController.java,DiscountController,update,PUT,/api/discounts/{id},SCHOOL_MANAGE|HEAD_OFFICE_SCHOOL_MANAGE|*,discount,edit
SMBackend/src/main/java/com/School/School_management/Controller/DonorController.java,DonorController,delete,DELETE,/api/donors/{id},DONOR|*,donors,delete
SMBackend/src/main/java/com/School/School_management/Controller/EBookController.java,EBookController,delete,DELETE,/api/ebooks/{id},SCHOOL_MANAGE|HEAD_OFFICE_SCHOOL_MANAGE|*,ebooks,delete
SMBackend/src/main/java/com/School/School_management/Controller/EBookController.java,EBookController,update,PUT,/api/ebooks/{id},SCHOOL_MANAGE|HEAD_OFFICE_SCHOOL_MANAGE|*,ebooks,edit
SMBackend/src/main/java/com/School/School_management/Controller/EmployeeController.java,EmployeeController,delete,DELETE,/api/employees/{id},SCHOOL_MANAGE|HEAD_OFFICE_SCHOOL_MANAGE|*,employees,delete
SMBackend/src/main/java/com/School/School_management/Controller/EmployeeController.java,EmployeeController,update,PUT,/api/employees/{id},SCHOOL_MANAGE|HEAD_OFFICE_SCHOOL_MANAGE|*,employees,edit
SMBackend/src/main/java/com/School/School_management/Controller/ExamGradeController.java,ExamGradeController,delete,DELETE,/api/exam-grades/{id},SCHOOL_MANAGE|HEAD_OFFICE_SCHOOL_MANAGE|*,exam-grade,delete
SMBackend/src/main/java/com/School/School_management/Controller/ExamGradeController.java,ExamGradeController,update,PUT,/api/exam-grades/{id},SCHOOL_MANAGE|HEAD_OFFICE_SCHOOL_MANAGE|*,exam-grade,edit
SMBackend/src/main/java/com/School/School_management/Controller/ExamInstructionController.java,ExamInstructionController,delete,DELETE,/api/exam-instructions/{id},SCHOOL_MANAGE|HEAD_OFFICE_SCHOOL_MANAGE|*,exam-instruction,delete
SMBackend/src/main/java/com/School/School_management/Controller/ExamInstructionController.java,ExamInstructionController,update,PUT,/api/exam-instructions/{id},SCHOOL_MANAGE|HEAD_OFFICE_SCHOOL_MANAGE|*,exam-instruction,edit
SMBackend/src/main/java/com/School/School_management/Controller/ExamTermController.java,ExamTermController,delete,DELETE,/api/exam-terms/{id},SCHOOL_MANAGE|HEAD_OFFICE_SCHOOL_MANAGE|*,exam-term,delete
SMBackend/src/main/java/com/School/School_management/Controller/ExamTermController.java,ExamTermController,update,PUT,/api/exam-terms/{id},SCHOOL_MANAGE|HEAD_OFFICE_SCHOOL_MANAGE|*,exam-term,edit
SMBackend/src/main/java/com/School/School_management/Controller/ExpenditureController.java,ExpenditureController,delete,DELETE,/api/expenditures/{id},SCHOOL_MANAGE|HEAD_OFFICE_SCHOOL_MANAGE|*,expenditures,delete
SMBackend/src/main/java/com/School/School_management/Controller/ExpenditureController.java,ExpenditureController,update,PUT,/api/expenditures/{id},SCHOOL_MANAGE|HEAD_OFFICE_SCHOOL_MANAGE|*,expenditures,edit
SMBackend/src/main/java/com/School/School_management/Controller/ExpenditureHeadController.java,ExpenditureHeadController,delete,DELETE,/api/expenditure-heads/{id},SCHOOL_MANAGE|HEAD_OFFICE_SCHOOL_MANAGE|*,expenditure-heads,delete
SMBackend/src/main/java/com/School/School_management/Controller/ExpenditureHeadController.java,ExpenditureHeadController,update,PUT,/api/expenditure-heads/{id},SCHOOL_MANAGE|HEAD_OFFICE_SCHOOL_MANAGE|*,expenditure-heads,edit
SMBackend/src/main/java/com/School/School_management/Controller/FaqController.java,FaqController,delete,DELETE,/api/faqs/{id},SCHOOL_MANAGE|HEAD_OFFICE_SCHOOL_MANAGE|*,faqs,delete
SMBackend/src/main/java/com/School/School_management/Controller/FaqController.java,FaqController,update,PUT,/api/faqs/{id},SCHOOL_MANAGE|HEAD_OFFICE_SCHOOL_MANAGE|*,faqs,edit
SMBackend/src/main/java/com/School/School_management/Controller/FeedbackController.java,FeedbackController,deleteFeedback,DELETE,/api/feedbacks/{id},SCHOOL_MANAGE|HEAD_OFFICE_SCHOOL_MANAGE|*,feedbacks,delete
SMBackend/src/main/java/com/School/School_management/Controller/FeedbackController.java,FeedbackController,togglePublish,PATCH,/api/feedbacks/{id}/toggle-publish,SCHOOL_MANAGE|HEAD_OFFICE_SCHOOL_MANAGE|*,feedbacks,edit
SMBackend/src/main/java/com/School/School_management/Controller/FeeTypeController.java,FeeTypeController,delete,DELETE,/api/fee-types/{id},SCHOOL_MANAGE|HEAD_OFFICE_SCHOOL_MANAGE|*,fee-type,delete
SMBackend/src/main/java/com/School/School_management/Controller/FeeTypeController.java,FeeTypeController,update,PUT,/api/fee-types/{id},SCHOOL_MANAGE|HEAD_OFFICE_SCHOOL_MANAGE|*,fee-type,edit
SMBackend/src/main/java/com/School/School_management/Controller/FrontendPageController.java,FrontendPageController,delete,DELETE,/api/frontend-pages/{id},SCHOOL_MANAGE|HEAD_OFFICE_SCHOOL_MANAGE|*,frontend-pages,delete
SMBackend/src/main/java/com/School/School_management/Controller/FrontendPageController.java,FrontendPageController,update,PUT,/api/frontend-pages/{id},SCHOOL_MANAGE|HEAD_OFFICE_SCHOOL_MANAGE|*,frontend-pages,edit
SMBackend/src/main/java/com/School/School_management/Controller/GuardianController.java,GuardianController,delete,DELETE,/api/guardians/{id},GUARDIAN|*,guardian,delete
SMBackend/src/main/java/com/School/School_management/Controller/HeadOfficeController.java,HeadOfficeController,activate,PATCH,/api/head-offices/{id}/activate,HEAD_OFFICE_MANAGE|*|/{id}/activate,head-offices,edit
SMBackend/src/main/java/com/School/School_management/Controller/HeadOfficeController.java,HeadOfficeController,createWithAdmin,POST,/api/head-offices/create-with-admin,HEAD_OFFICE_MANAGE|*|/create-with-admin,head-offices,add
SMBackend/src/main/java/com/School/School_management/Controller/HeadOfficeController.java,HeadOfficeController,deactivate,PATCH,/api/head-offices/{id}/deactivate,HEAD_OFFICE_MANAGE|*|/{id}/deactivate,head-offices,edit
SMBackend/src/main/java/com/School/School_management/Controller/HeadOfficeController.java,HeadOfficeController,delete,DELETE,/api/head-offices/{id},HEAD_OFFICE_MANAGE|*|/{id},head-offices,delete
SMBackend/src/main/java/com/School/School_management/Controller/HeadOfficeController.java,HeadOfficeController,getAdmin,GET,/api/head-offices/{id}/admin,HEAD_OFFICE_MANAGE|*|/{id}/admin,head-offices,view
SMBackend/src/main/java/com/School/School_management/Controller/HeadOfficeController.java,HeadOfficeController,getAll,GET,/api/head-offices,HEAD_OFFICE_MANAGE|*,head-offices,view
SMBackend/src/main/java/com/School/School_management/Controller/HeadOfficeController.java,HeadOfficeController,getById,GET,/api/head-offices/{id},HEAD_OFFICE_MANAGE|*|/{id},head-offices,view
SMBackend/src/main/java/com/School/School_management/Controller/HeadOfficeController.java,HeadOfficeController,update,PATCH,/api/head-offices/{id},HEAD_OFFICE_MANAGE|*|/{id},head-offices,edit
SMBackend/src/main/java/com/School/School_management/Controller/HeadOfficeController.java,HeadOfficeController,updateAdmin,PATCH,/api/head-offices/{id}/admin,HEAD_OFFICE_MANAGE|*|/{id}/admin,head-offices,edit
SMBackend/src/main/java/com/School/School_management/Controller/HolidayController.java,HolidayController,delete,DELETE,/api/holidays/{id},ADMIN_USER_MANAGE|SCHOOL_MANAGE|HEAD_OFFICE_SCHOOL_MANAGE|*,holiday,delete
SMBackend/src/main/java/com/School/School_management/Controller/HostelController.java,HostelController,delete,DELETE,/api/hostels/{id},SCHOOL_MANAGE|HEAD_OFFICE_SCHOOL_MANAGE|*,hostels,delete
SMBackend/src/main/java/com/School/School_management/Controller/HostelController.java,HostelController,getById,GET,/api/hostels/{id},SCHOOL_MANAGE|HEAD_OFFICE_SCHOOL_MANAGE|*,hostels,view
SMBackend/src/main/java/com/School/School_management/Controller/HostelController.java,HostelController,update,PUT,/api/hostels/{id},SCHOOL_MANAGE|HEAD_OFFICE_SCHOOL_MANAGE|*,hostels,edit
SMBackend/src/main/java/com/School/School_management/Controller/IdCardSettingController.java,IdCardSettingController,delete,DELETE,/api/id-card-settings/{id},SCHOOL_MANAGE|HEAD_OFFICE_SCHOOL_MANAGE|*,id-card-setting,delete
SMBackend/src/main/java/com/School/School_management/Controller/IdCardSettingController.java,IdCardSettingController,getById,GET,/api/id-card-settings/{id},SCHOOL_MANAGE|HEAD_OFFICE_SCHOOL_MANAGE|*,id-card-setting,view
SMBackend/src/main/java/com/School/School_management/Controller/IdCardSettingController.java,IdCardSettingController,update,PUT,/api/id-card-settings/{id},SCHOOL_MANAGE|HEAD_OFFICE_SCHOOL_MANAGE|*,id-card-setting,edit
SMBackend/src/main/java/com/School/School_management/Controller/IncomeController.java,IncomeController,delete,DELETE,/api/incomes/{id},SCHOOL_MANAGE|HEAD_OFFICE_SCHOOL_MANAGE|*,incomes,delete
SMBackend/src/main/java/com/School/School_management/Controller/IncomeController.java,IncomeController,update,PUT,/api/incomes/{id},SCHOOL_MANAGE|HEAD_OFFICE_SCHOOL_MANAGE|*,incomes,edit
SMBackend/src/main/java/com/School/School_management/Controller/IncomeHeadController.java,IncomeHeadController,delete,DELETE,/api/income-heads/{id},SCHOOL_MANAGE|HEAD_OFFICE_SCHOOL_MANAGE|*,income-heads,delete
SMBackend/src/main/java/com/School/School_management/Controller/IncomeHeadController.java,IncomeHeadController,update,PUT,/api/income-heads/{id},SCHOOL_MANAGE|HEAD_OFFICE_SCHOOL_MANAGE|*,income-heads,edit
SMBackend/src/main/java/com/School/School_management/Controller/IssueController.java,IssueController,delete,DELETE,/api/issues/{id},SCHOOL_MANAGE|HEAD_OFFICE_SCHOOL_MANAGE|*,issues,delete
SMBackend/src/main/java/com/School/School_management/Controller/IssueController.java,IssueController,getById,GET,/api/issues/{id},SCHOOL_MANAGE|HEAD_OFFICE_SCHOOL_MANAGE|*,issues,view
SMBackend/src/main/java/com/School/School_management/Controller/IssueController.java,IssueController,update,PUT,/api/issues/{id},SCHOOL_MANAGE|HEAD_OFFICE_SCHOOL_MANAGE|*,issues,edit
SMBackend/src/main/java/com/School/School_management/Controller/LeaveApplicationController.java,LeaveApplicationController,delete,DELETE,/api/leave-applications/{id},ADMIN_USER_MANAGE|SCHOOL_MANAGE|HEAD_OFFICE_SCHOOL_MANAGE|*,leave-application,delete
SMBackend/src/main/java/com/School/School_management/Controller/LeaveTypeController.java,LeaveTypeController,delete,DELETE,/api/leave-types/{id},ADMIN_USER_MANAGE|SCHOOL_MANAGE|HEAD_OFFICE_SCHOOL_MANAGE|*,leave-type,delete
SMBackend/src/main/java/com/School/School_management/Controller/LessonController.java,LessonController,create,POST,/api/lessons,LESSON_MANAGE|LESSON_MANAGE_ASSIGNED|*,lesson,add
SMBackend/src/main/java/com/School/School_management/Controller/LessonController.java,LessonController,delete,DELETE,/api/lessons/{id},LESSON_MANAGE|LESSON_MANAGE_ASSIGNED|*|/{id},lesson,delete
SMBackend/src/main/java/com/School/School_management/Controller/LessonController.java,LessonController,getAll,GET,/api/lessons,LESSON_MANAGE|LESSON_MANAGE_ASSIGNED|LESSON_VIEW_OWN|LESSON_VIEW_CHILD|*,lesson,view
SMBackend/src/main/java/com/School/School_management/Controller/LessonController.java,LessonController,update,PUT,/api/lessons/{id},LESSON_MANAGE|LESSON_MANAGE_ASSIGNED|*|/{id},lesson,edit
SMBackend/src/main/java/com/School/School_management/Controller/LessonPlanEntryController.java,LessonPlanEntryController,create,POST,/api/lesson-plan-entries,LESSON_PLAN_MANAGE|LESSON_PLAN_MANAGE_ASSIGNED|*,lesson-plan-entries,add
SMBackend/src/main/java/com/School/School_management/Controller/LessonPlanEntryController.java,LessonPlanEntryController,delete,DELETE,/api/lesson-plan-entries/{id},LESSON_PLAN_MANAGE|LESSON_PLAN_MANAGE_ASSIGNED|*|/{id},lesson-plan-entries,delete
SMBackend/src/main/java/com/School/School_management/Controller/LessonPlanEntryController.java,LessonPlanEntryController,getAll,GET,/api/lesson-plan-entries,LESSON_PLAN_MANAGE|LESSON_PLAN_MANAGE_ASSIGNED|LESSON_PLAN_VIEW_OWN|LESSON_PLAN_VIEW_CHILD|*,lesson-plan-entries,view
SMBackend/src/main/java/com/School/School_management/Controller/LessonPlanEntryController.java,LessonPlanEntryController,update,PUT,/api/lesson-plan-entries/{id},LESSON_PLAN_MANAGE|LESSON_PLAN_MANAGE_ASSIGNED|*|/{id},lesson-plan-entries,edit
SMBackend/src/main/java/com/School/School_management/Controller/LessonStatusController.java,LessonStatusController,pageData,GET,/api/lesson-status/page-data,LESSON_PLAN_MANAGE|LESSON_PLAN_MANAGE_ASSIGNED|LESSON_PLAN_VIEW_OWN|LESSON_PLAN_VIEW_CHILD|*|/page-data,lesson-status,view
SMBackend/src/main/java/com/School/School_management/Controller/LessonStatusController.java,LessonStatusController,updateLesson,PUT,/api/lesson-status/update-lesson,LESSON_PLAN_MANAGE|LESSON_PLAN_MANAGE_ASSIGNED|*|/update-lesson,lesson-status,edit
SMBackend/src/main/java/com/School/School_management/Controller/LessonStatusController.java,LessonStatusController,updateTopic,PUT,/api/lesson-status/update-topic,LESSON_PLAN_MANAGE|LESSON_PLAN_MANAGE_ASSIGNED|*|/update-topic,lesson-status,edit
SMBackend/src/main/java/com/School/School_management/Controller/LessonTimelineController.java,LessonTimelineController,lessons,GET,/api/lesson-timeline/lessons,LESSON_PLAN_MANAGE|LESSON_PLAN_MANAGE_ASSIGNED|LESSON_PLAN_VIEW_OWN|LESSON_PLAN_VIEW_CHILD|*|/lessons,lesson-timeline,view
SMBackend/src/main/java/com/School/School_management/Controller/LessonTimelineController.java,LessonTimelineController,planView,GET,/api/lesson-timeline/plan-view,LESSON_PLAN_MANAGE|LESSON_PLAN_MANAGE_ASSIGNED|LESSON_PLAN_VIEW_OWN|LESSON_PLAN_VIEW_CHILD|*|/plan-view,lesson-timeline,view
SMBackend/src/main/java/com/School/School_management/Controller/LessonTimelineController.java,LessonTimelineController,topics,GET,/api/lesson-timeline/lessons/{lessonId}/topics,LESSON_PLAN_MANAGE|LESSON_PLAN_MANAGE_ASSIGNED|LESSON_PLAN_VIEW_OWN|LESSON_PLAN_VIEW_CHILD|*|/lessons/{lessonId}/topics,lesson-timeline,view
SMBackend/src/main/java/com/School/School_management/Controller/LessonTimelineController.java,LessonTimelineController,updateLesson,PUT,/api/lesson-timeline/lessons/{lessonId},LESSON_PLAN_MANAGE|LESSON_PLAN_MANAGE_ASSIGNED|*|/lessons/{lessonId},lesson-timeline,edit
SMBackend/src/main/java/com/School/School_management/Controller/LessonTimelineController.java,LessonTimelineController,updateTopic,PUT,/api/lesson-timeline/topics/{topicId},LESSON_PLAN_MANAGE|LESSON_PLAN_MANAGE_ASSIGNED|*|/topics/{topicId},lesson-timeline,edit
SMBackend/src/main/java/com/School/School_management/Controller/LibraryIssueController.java,LibraryIssueController,delete,DELETE,/api/library-issues/{id},SCHOOL_MANAGE|HEAD_OFFICE_SCHOOL_MANAGE|*,library-issues,delete
SMBackend/src/main/java/com/School/School_management/Controller/LibraryIssueController.java,LibraryIssueController,getById,GET,/api/library-issues/{id},SCHOOL_MANAGE|HEAD_OFFICE_SCHOOL_MANAGE|*,library-issues,view
SMBackend/src/main/java/com/School/School_management/Controller/LibraryIssueController.java,LibraryIssueController,update,PUT,/api/library-issues/{id},SCHOOL_MANAGE|HEAD_OFFICE_SCHOOL_MANAGE|*,library-issues,edit
SMBackend/src/main/java/com/School/School_management/Controller/LiveClassController.java,LiveClassController,create,POST,/api/live-classes,LIVE_CLASS_MANAGE|LIVE_CLASS_MANAGE_ASSIGNED|*,live-classes,add
SMBackend/src/main/java/com/School/School_management/Controller/LiveClassController.java,LiveClassController,delete,DELETE,/api/live-classes/{id},LIVE_CLASS_MANAGE|LIVE_CLASS_MANAGE_ASSIGNED|*|/{id},live-classes,delete
SMBackend/src/main/java/com/School/School_management/Controller/LiveClassController.java,LiveClassController,end,POST,/api/live-classes/{id}/end,LIVE_CLASS_MANAGE|LIVE_CLASS_MANAGE_ASSIGNED|*|/{id}/end,live-classes,add
SMBackend/src/main/java/com/School/School_management/Controller/LiveClassController.java,LiveClassController,getAll,GET,/api/live-classes,LIVE_CLASS_MANAGE|LIVE_CLASS_VIEW_OWN|LIVE_CLASS_VIEW_CHILD|LIVE_CLASS_MANAGE_ASSIGNED|*,live-classes,view
SMBackend/src/main/java/com/School/School_management/Controller/LiveClassController.java,LiveClassController,getById,GET,/api/live-classes/{id},LIVE_CLASS_MANAGE|LIVE_CLASS_VIEW_OWN|LIVE_CLASS_VIEW_CHILD|LIVE_CLASS_MANAGE_ASSIGNED|*|/{id},live-classes,view
SMBackend/src/main/java/com/School/School_management/Controller/LiveClassController.java,LiveClassController,getForStudent,GET,/api/live-classes/student,LIVE_CLASS_VIEW_OWN|*|/student,live-classes,view
SMBackend/src/main/java/com/School/School_management/Controller/LiveClassController.java,LiveClassController,join,POST,/api/live-classes/{id}/join,LIVE_CLASS_JOIN|LIVE_CLASS_MANAGE|LIVE_CLASS_MANAGE_ASSIGNED|*|/{id}/join,live-classes,add
SMBackend/src/main/java/com/School/School_management/Controller/LiveClassController.java,LiveClassController,leave,POST,/api/live-classes/{id}/leave,LIVE_CLASS_JOIN|LIVE_CLASS_MANAGE|LIVE_CLASS_MANAGE_ASSIGNED|*|/{id}/leave,live-classes,add
SMBackend/src/main/java/com/School/School_management/Controller/LiveClassController.java,LiveClassController,start,POST,/api/live-classes/{id}/start,LIVE_CLASS_MANAGE|LIVE_CLASS_MANAGE_ASSIGNED|*|/{id}/start,live-classes,add
SMBackend/src/main/java/com/School/School_management/Controller/LiveClassController.java,LiveClassController,update,PUT,/api/live-classes/{id},LIVE_CLASS_MANAGE|LIVE_CLASS_MANAGE_ASSIGNED|*|/{id},live-classes,edit
SMBackend/src/main/java/com/School/School_management/Controller/ManageSchoolController.java,ManageSchoolController,deleteSchool,DELETE,/api/schools/{id},SCHOOL_MANAGE|HEAD_OFFICE_SCHOOL_MANAGE|*,schools,delete
SMBackend/src/main/java/com/School/School_management/Controller/ManageSchoolController.java,ManageSchoolController,getSchoolById,GET,/api/schools/{id},SCHOOL_MANAGE|HEAD_OFFICE_SCHOOL_MANAGE|*,schools,view
SMBackend/src/main/java/com/School/School_management/Controller/ManageSchoolController.java,ManageSchoolController,updateSchool,PUT,/api/schools/{id},SCHOOL_MANAGE|HEAD_OFFICE_SCHOOL_MANAGE|*,schools,edit
SMBackend/src/main/java/com/School/School_management/Controller/ManageTeacherController.java,ManageTeacherController,deleteTeacher,DELETE,/api/teachers/{id},TEACHER_MANAGE|*,teachers,delete
SMBackend/src/main/java/com/School/School_management/Controller/ManageTeacherController.java,ManageTeacherController,getTeacherById,GET,/api/teachers/{id},TEACHER_MANAGE|*,teachers,view
SMBackend/src/main/java/com/School/School_management/Controller/ManageTeacherController.java,ManageTeacherController,updateTeacher,PUT,/api/teachers/{id},TEACHER_MANAGE|*,teachers,edit
SMBackend/src/main/java/com/School/School_management/Controller/NewsController.java,NewsController,delete,DELETE,/api/news/{id},ADMIN_USER_MANAGE|SCHOOL_MANAGE|HEAD_OFFICE_SCHOOL_MANAGE|*,news,delete
SMBackend/src/main/java/com/School/School_management/Controller/NoticeController.java,NoticeController,delete,DELETE,/api/notices/{id},ADMIN_USER_MANAGE|SCHOOL_MANAGE|HEAD_OFFICE_SCHOOL_MANAGE|*,notice,delete
SMBackend/src/main/java/com/School/School_management/Controller/NotificationController.java,NotificationController,markAllRead,PUT,/api/notifications/read-all,NOTIFICATION_VIEW_OWN|NOTIFICATION_VIEW_CHILD|*|/read-all,notifications,edit
SMBackend/src/main/java/com/School/School_management/Controller/NotificationController.java,NotificationController,markRead,PUT,/api/notifications/{id}/read,NOTIFICATION_VIEW_OWN|NOTIFICATION_VIEW_CHILD|*|/{id}/read,notifications,edit
SMBackend/src/main/java/com/School/School_management/Controller/NotificationController.java,NotificationController,my,GET,/api/notifications/my,NOTIFICATION_VIEW_OWN|NOTIFICATION_VIEW_CHILD|*|/my,notifications,view
SMBackend/src/main/java/com/School/School_management/Controller/OnlineExamController.java,OnlineExamController,delete,DELETE,/api/online-exams/{id},SCHOOL_MANAGE|HEAD_OFFICE_SCHOOL_MANAGE|*,online-exams,delete
SMBackend/src/main/java/com/School/School_management/Controller/OnlineExamController.java,OnlineExamController,update,PUT,/api/online-exams/{id},SCHOOL_MANAGE|HEAD_OFFICE_SCHOOL_MANAGE|*,online-exams,edit
SMBackend/src/main/java/com/School/School_management/Controller/OpeningHourController.java,OpeningHourController,deleteOpeningHour,DELETE,/api/opening-hours/{id},SCHOOL_MANAGE|HEAD_OFFICE_SCHOOL_MANAGE|*,opening-hours,delete
SMBackend/src/main/java/com/School/School_management/Controller/OpeningHourController.java,OpeningHourController,getOpeningHourById,GET,/api/opening-hours/{id},SCHOOL_MANAGE|HEAD_OFFICE_SCHOOL_MANAGE|*,opening-hours,view
SMBackend/src/main/java/com/School/School_management/Controller/OpeningHourController.java,OpeningHourController,toggleStatus,PATCH,/api/opening-hours/{id}/toggle-status,SCHOOL_MANAGE|HEAD_OFFICE_SCHOOL_MANAGE|*,opening-hours,edit
SMBackend/src/main/java/com/School/School_management/Controller/OpeningHourController.java,OpeningHourController,updateOpeningHour,PUT,/api/opening-hours/{id},SCHOOL_MANAGE|HEAD_OFFICE_SCHOOL_MANAGE|*,opening-hours,edit
SMBackend/src/main/java/com/School/School_management/Controller/ProductController.java,ProductController,delete,DELETE,/api/products/{id},SCHOOL_MANAGE|HEAD_OFFICE_SCHOOL_MANAGE|*,products,delete
SMBackend/src/main/java/com/School/School_management/Controller/ProductController.java,ProductController,getById,GET,/api/products/{id},SCHOOL_MANAGE|HEAD_OFFICE_SCHOOL_MANAGE|*,products,view
SMBackend/src/main/java/com/School/School_management/Controller/ProductController.java,ProductController,update,PUT,/api/products/{id},SCHOOL_MANAGE|HEAD_OFFICE_SCHOOL_MANAGE|*,products,edit
SMBackend/src/main/java/com/School/School_management/Controller/PurchaseController.java,PurchaseController,delete,DELETE,/api/purchases/{id},SCHOOL_MANAGE|HEAD_OFFICE_SCHOOL_MANAGE|*,purchases,delete
SMBackend/src/main/java/com/School/School_management/Controller/PurchaseController.java,PurchaseController,getById,GET,/api/purchases/{id},SCHOOL_MANAGE|HEAD_OFFICE_SCHOOL_MANAGE|*,purchases,view
SMBackend/src/main/java/com/School/School_management/Controller/PurchaseController.java,PurchaseController,update,PUT,/api/purchases/{id},SCHOOL_MANAGE|HEAD_OFFICE_SCHOOL_MANAGE|*,purchases,edit
SMBackend/src/main/java/com/School/School_management/Controller/RoomController.java,RoomController,delete,DELETE,/api/rooms/{id},SCHOOL_MANAGE|HEAD_OFFICE_SCHOOL_MANAGE|*,rooms,delete
SMBackend/src/main/java/com/School/School_management/Controller/RoomController.java,RoomController,getById,GET,/api/rooms/{id},SCHOOL_MANAGE|HEAD_OFFICE_SCHOOL_MANAGE|*,rooms,view
SMBackend/src/main/java/com/School/School_management/Controller/RoomController.java,RoomController,update,PUT,/api/rooms/{id},SCHOOL_MANAGE|HEAD_OFFICE_SCHOOL_MANAGE|*,rooms,edit
SMBackend/src/main/java/com/School/School_management/Controller/SalaryGradeController.java,SalaryGradeController,delete,DELETE,/api/salary-grades/{id},SCHOOL_MANAGE|HEAD_OFFICE_SCHOOL_MANAGE|*,salary-grade,delete
SMBackend/src/main/java/com/School/School_management/Controller/SalaryGradeController.java,SalaryGradeController,update,PUT,/api/salary-grades/{id},SCHOOL_MANAGE|HEAD_OFFICE_SCHOOL_MANAGE|*,salary-grade,edit
SMBackend/src/main/java/com/School/School_management/Controller/SalaryPaymentController.java,SalaryPaymentController,delete,DELETE,/api/salary-payments/{id},SCHOOL_MANAGE|HEAD_OFFICE_SCHOOL_MANAGE|*,salary-payment,delete
SMBackend/src/main/java/com/School/School_management/Controller/SalaryPaymentController.java,SalaryPaymentController,update,PUT,/api/salary-payments/{id},SCHOOL_MANAGE|HEAD_OFFICE_SCHOOL_MANAGE|*,salary-payment,edit
SMBackend/src/main/java/com/School/School_management/Controller/SaleController.java,SaleController,delete,DELETE,/api/sales/{id},SCHOOL_MANAGE|HEAD_OFFICE_SCHOOL_MANAGE|*,sales,delete
SMBackend/src/main/java/com/School/School_management/Controller/SaleController.java,SaleController,getById,GET,/api/sales/{id},SCHOOL_MANAGE|HEAD_OFFICE_SCHOOL_MANAGE|*,sales,view
SMBackend/src/main/java/com/School/School_management/Controller/SaleController.java,SaleController,update,PUT,/api/sales/{id},SCHOOL_MANAGE|HEAD_OFFICE_SCHOOL_MANAGE|*,sales,edit
SMBackend/src/main/java/com/School/School_management/Controller/ScholarshipController.java,ScholarshipController,delete,DELETE,/api/scholarships/{id},SCHOLARSHIP|*,scholarship,delete
SMBackend/src/main/java/com/School/School_management/Controller/SchoolClassController.java,SchoolClassController,delete,DELETE,/api/classes/{id},CLASS_MANAGE|HEAD_OFFICE_SCHOOL_MANAGE|*,classes,delete
SMBackend/src/main/java/com/School/School_management/Controller/SchoolClassController.java,SchoolClassController,getById,GET,/api/classes/{id},CLASS_MANAGE|HEAD_OFFICE_SCHOOL_MANAGE|*,classes,view
SMBackend/src/main/java/com/School/School_management/Controller/SchoolClassController.java,SchoolClassController,update,PUT,/api/classes/{id},CLASS_MANAGE|HEAD_OFFICE_SCHOOL_MANAGE|*,classes,edit
SMBackend/src/main/java/com/School/School_management/Controller/SchoolSectionController.java,SchoolSectionController,delete,DELETE,/api/sections/{id},SECTION_MANAGE|HEAD_OFFICE_SCHOOL_MANAGE|*,section,delete
SMBackend/src/main/java/com/School/School_management/Controller/SchoolSectionController.java,SchoolSectionController,getById,GET,/api/sections/{id},SECTION_MANAGE|HEAD_OFFICE_SCHOOL_MANAGE|*,section,view
SMBackend/src/main/java/com/School/School_management/Controller/SchoolSectionController.java,SchoolSectionController,update,PUT,/api/sections/{id},SECTION_MANAGE|HEAD_OFFICE_SCHOOL_MANAGE|*,section,edit
SMBackend/src/main/java/com/School/School_management/Controller/SchoolSubscriptionController.java,SchoolSubscriptionController,delete,DELETE,/api/school-subscriptions/{id},SCHOOL_MANAGE|HEAD_OFFICE_SCHOOL_MANAGE|*,school-subscriptions,delete
SMBackend/src/main/java/com/School/School_management/Controller/SchoolSubscriptionController.java,SchoolSubscriptionController,update,PUT,/api/school-subscriptions/{id},SCHOOL_MANAGE|HEAD_OFFICE_SCHOOL_MANAGE|*,school-subscriptions,edit
SMBackend/src/main/java/com/School/School_management/Controller/SliderController.java,SliderController,delete,DELETE,/api/sliders/{id},SCHOOL_MANAGE|HEAD_OFFICE_SCHOOL_MANAGE|*,sliders,delete
SMBackend/src/main/java/com/School/School_management/Controller/SliderController.java,SliderController,update,PUT,/api/sliders/{id},SCHOOL_MANAGE|HEAD_OFFICE_SCHOOL_MANAGE|*,sliders,edit
SMBackend/src/main/java/com/School/School_management/Controller/StudentActivityController.java,StudentActivityController,delete,DELETE,/api/student-activities/{id},STUDENT_MANAGE|*,student-activity,delete
SMBackend/src/main/java/com/School/School_management/Controller/StudentController.java,StudentController,delete,DELETE,/api/students/{id},STUDENT_MANAGE|*,students,delete
SMBackend/src/main/java/com/School/School_management/Controller/StudentTypeController.java,StudentTypeController,delete,DELETE,/api/student-types/{id},STUDENT_TYPE_MANAGE|*,student-type,delete
SMBackend/src/main/java/com/School/School_management/Controller/StudyMaterialController.java,StudyMaterialController,create,POST,/api/study-materials/multipart/form-data,STUDY_MATERIAL_MANAGE|STUDY_MATERIAL_MANAGE_ASSIGNED|*|multipart/form-data,study-material,add
SMBackend/src/main/java/com/School/School_management/Controller/StudyMaterialController.java,StudyMaterialController,delete,DELETE,/api/study-materials/{id},STUDY_MATERIAL_MANAGE|STUDY_MATERIAL_MANAGE_ASSIGNED|*|/{id},study-material,delete
SMBackend/src/main/java/com/School/School_management/Controller/StudyMaterialController.java,StudyMaterialController,getAll,GET,/api/study-materials,STUDY_MATERIAL_MANAGE|STUDY_MATERIAL_VIEW_OWN|STUDY_MATERIAL_VIEW_CHILD|STUDY_MATERIAL_MANAGE_ASSIGNED|*,study-material,view
SMBackend/src/main/java/com/School/School_management/Controller/StudyMaterialController.java,StudyMaterialController,update,PUT,/api/study-materials/{id},STUDY_MATERIAL_MANAGE|STUDY_MATERIAL_MANAGE_ASSIGNED|*|/{id}|multipart/form-data,study-material,edit
SMBackend/src/main/java/com/School/School_management/Controller/SubjectController.java,SubjectController,createSubject,POST,/api/subjects,SUBJECT_MANAGE|SUBJECT_MANAGE_ASSIGNED|*,subject,add
SMBackend/src/main/java/com/School/School_management/Controller/SubjectController.java,SubjectController,deleteSubject,DELETE,/api/subjects/{id},SUBJECT_MANAGE|SUBJECT_MANAGE_ASSIGNED|*|/{id},subject,delete
SMBackend/src/main/java/com/School/School_management/Controller/SubjectController.java,SubjectController,getAllSubjects,GET,/api/subjects,SUBJECT_MANAGE|SUBJECT_MANAGE_ASSIGNED|SUBJECT_VIEW_ASSIGNED|SUBJECT_VIEW_OWN|SUBJECT_VIEW_CHILD|*,subject,view
SMBackend/src/main/java/com/School/School_management/Controller/SubjectController.java,SubjectController,getSubjectById,GET,/api/subjects/{id},SUBJECT_MANAGE|SUBJECT_MANAGE_ASSIGNED|SUBJECT_VIEW_ASSIGNED|SUBJECT_VIEW_OWN|SUBJECT_VIEW_CHILD|*|/{id},subject,view
SMBackend/src/main/java/com/School/School_management/Controller/SubjectController.java,SubjectController,updateSubject,PUT,/api/subjects/{id},SUBJECT_MANAGE|SUBJECT_MANAGE_ASSIGNED|*|/{id},subject,edit
SMBackend/src/main/java/com/School/School_management/Controller/SubmissionController.java,SubmissionController,createSubmission,POST,/api/submissions,ASSIGNMENT_SUBMIT|*,submission,add
SMBackend/src/main/java/com/School/School_management/Controller/SubmissionController.java,SubmissionController,deleteSubmission,DELETE,/api/submissions/{id},SUBMISSION_MANAGE|SUBMISSION_VIEW_ASSIGNED|*|/{id},submission,delete
SMBackend/src/main/java/com/School/School_management/Controller/SubmissionController.java,SubmissionController,evaluateSubmission,PUT,/api/submissions/{id}/evaluate,SUBMISSION_MANAGE|SUBMISSION_EVALUATE_ASSIGNED|*|/{id}/evaluate,submission,edit
SMBackend/src/main/java/com/School/School_management/Controller/SubmissionController.java,SubmissionController,getAllSubmissions,GET,/api/submissions,SUBMISSION_MANAGE|SUBMISSION_VIEW_ASSIGNED|*,submission,view
SMBackend/src/main/java/com/School/School_management/Controller/SubmissionController.java,SubmissionController,getByAssignment,GET,/api/submissions/assignment/{assignmentId},SUBMISSION_MANAGE|SUBMISSION_VIEW_ASSIGNED|*|/assignment/{assignmentId},submission,view
SMBackend/src/main/java/com/School/School_management/Controller/SubmissionController.java,SubmissionController,getByStudent,GET,/api/submissions/student/{studentId},SUBMISSION_VIEW_OWN|SUBMISSION_VIEW_CHILD|SUBMISSION_VIEW_ASSIGNED|*|/student/{studentId},submission,view
SMBackend/src/main/java/com/School/School_management/Controller/SubmissionController.java,SubmissionController,getSubmissionById,GET,/api/submissions/{id},SUBMISSION_MANAGE|SUBMISSION_VIEW_ASSIGNED|SUBMISSION_VIEW_OWN|SUBMISSION_VIEW_CHILD|*|/{id},submission,view
SMBackend/src/main/java/com/School/School_management/Controller/SubmissionController.java,SubmissionController,updateSubmission,PUT,/api/submissions/{id},ASSIGNMENT_SUBMIT|*|/{id}|multipart/form-data,submission,edit
SMBackend/src/main/java/com/School/School_management/Controller/SubscriptionPlanController.java,SubscriptionPlanController,delete,DELETE,/api/subscription-plans/{id},SCHOOL_MANAGE|HEAD_OFFICE_SCHOOL_MANAGE|*,subscription-plans,delete
SMBackend/src/main/java/com/School/School_management/Controller/SubscriptionPlanController.java,SubscriptionPlanController,update,PUT,/api/subscription-plans/{id},SCHOOL_MANAGE|HEAD_OFFICE_SCHOOL_MANAGE|*,subscription-plans,edit
SMBackend/src/main/java/com/School/School_management/Controller/SuggestionController.java,SuggestionController,delete,DELETE,/api/suggestions/{id},SCHOOL_MANAGE|HEAD_OFFICE_SCHOOL_MANAGE|*,suggestion,delete
SMBackend/src/main/java/com/School/School_management/Controller/SuggestionController.java,SuggestionController,getById,GET,/api/suggestions/{id},SCHOOL_MANAGE|HEAD_OFFICE_SCHOOL_MANAGE|*,suggestion,view
SMBackend/src/main/java/com/School/School_management/Controller/SuggestionController.java,SuggestionController,update,PUT,/api/suggestions/{id},SCHOOL_MANAGE|HEAD_OFFICE_SCHOOL_MANAGE|*,suggestion,edit
SMBackend/src/main/java/com/School/School_management/Controller/SuperAdminController.java,SuperAdminController,delete,DELETE,/api/super-admins/{id},*,super-admins,delete
SMBackend/src/main/java/com/School/School_management/Controller/SuperAdminController.java,SuperAdminController,getSuperAdminById,GET,/api/super-admins/{id},*,super-admins,view
SMBackend/src/main/java/com/School/School_management/Controller/SuperAdminController.java,SuperAdminController,update,PUT,/api/super-admins/{id},*,super-admins,edit
SMBackend/src/main/java/com/School/School_management/Controller/SupplierController.java,SupplierController,delete,DELETE,/api/suppliers/{id},SCHOOL_MANAGE|HEAD_OFFICE_SCHOOL_MANAGE|*,suppliers,delete
SMBackend/src/main/java/com/School/School_management/Controller/SupplierController.java,SupplierController,getById,GET,/api/suppliers/{id},SCHOOL_MANAGE|HEAD_OFFICE_SCHOOL_MANAGE|*,suppliers,view
SMBackend/src/main/java/com/School/School_management/Controller/SupplierController.java,SupplierController,update,PUT,/api/suppliers/{id},SCHOOL_MANAGE|HEAD_OFFICE_SCHOOL_MANAGE|*,suppliers,edit
SMBackend/src/main/java/com/School/School_management/Controller/SyllabusController.java,SyllabusController,createSyllabus,POST,/api/syllabuses/multipart/form-data,SYLLABUS_MANAGE|SYLLABUS_MANAGE_ASSIGNED|*|multipart/form-data,syllabuses,add
SMBackend/src/main/java/com/School/School_management/Controller/SyllabusController.java,SyllabusController,deleteSyllabus,DELETE,/api/syllabuses/{id},SYLLABUS_MANAGE|SYLLABUS_MANAGE_ASSIGNED|*|/{id},syllabuses,delete
SMBackend/src/main/java/com/School/School_management/Controller/SyllabusController.java,SyllabusController,downloadFile,GET,/api/syllabuses/{id}/file,SYLLABUS_MANAGE|SYLLABUS_MANAGE_ASSIGNED|SYLLABUS_VIEW_OWN|SYLLABUS_VIEW_CHILD|*|/{id}/file,syllabuses,view
SMBackend/src/main/java/com/School/School_management/Controller/SyllabusController.java,SyllabusController,getAllSyllabuses,GET,/api/syllabuses,SYLLABUS_MANAGE|SYLLABUS_MANAGE_ASSIGNED|SYLLABUS_VIEW_OWN|SYLLABUS_VIEW_CHILD|*,syllabuses,view
SMBackend/src/main/java/com/School/School_management/Controller/SyllabusController.java,SyllabusController,getSyllabusById,GET,/api/syllabuses/{id},SYLLABUS_MANAGE|SYLLABUS_MANAGE_ASSIGNED|SYLLABUS_VIEW_OWN|SYLLABUS_VIEW_CHILD|*|/{id},syllabuses,view
SMBackend/src/main/java/com/School/School_management/Controller/SyllabusController.java,SyllabusController,updateSyllabus,PUT,/api/syllabuses/{id},SYLLABUS_MANAGE|SYLLABUS_MANAGE_ASSIGNED|*|/{id}|multipart/form-data,syllabuses,edit
SMBackend/src/main/java/com/School/School_management/Controller/TodoTaskController.java,TodoTaskController,delete,DELETE,/api/todo-tasks/{id},SCHOOL_MANAGE|HEAD_OFFICE_SCHOOL_MANAGE|*,todo-tasks,delete
SMBackend/src/main/java/com/School/School_management/Controller/TodoTaskController.java,TodoTaskController,update,PUT,/api/todo-tasks/{id},SCHOOL_MANAGE|HEAD_OFFICE_SCHOOL_MANAGE|*,todo-tasks,edit
SMBackend/src/main/java/com/School/School_management/Controller/TopicController.java,TopicController,create,POST,/api/topics,TOPIC_MANAGE|TOPIC_MANAGE_ASSIGNED|*,topic,add
SMBackend/src/main/java/com/School/School_management/Controller/TopicController.java,TopicController,delete,DELETE,/api/topics/{id},TOPIC_MANAGE|TOPIC_MANAGE_ASSIGNED|*|/{id},topic,delete
SMBackend/src/main/java/com/School/School_management/Controller/TopicController.java,TopicController,getAll,GET,/api/topics,TOPIC_MANAGE|TOPIC_MANAGE_ASSIGNED|TOPIC_VIEW_OWN|TOPIC_VIEW_CHILD|*,topic,view
SMBackend/src/main/java/com/School/School_management/Controller/TopicController.java,TopicController,update,PUT,/api/topics/{id},TOPIC_MANAGE|TOPIC_MANAGE_ASSIGNED|*|/{id},topic,edit
SMBackend/src/main/java/com/School/School_management/Controller/TransportRouteController.java,TransportRouteController,delete,DELETE,/api/transport-routes/{id},SCHOOL_MANAGE|HEAD_OFFICE_SCHOOL_MANAGE|*,transport-routes,delete
SMBackend/src/main/java/com/School/School_management/Controller/TransportRouteController.java,TransportRouteController,getById,GET,/api/transport-routes/{id},SCHOOL_MANAGE|HEAD_OFFICE_SCHOOL_MANAGE|*,transport-routes,view
SMBackend/src/main/java/com/School/School_management/Controller/TransportRouteController.java,TransportRouteController,update,PUT,/api/transport-routes/{id},SCHOOL_MANAGE|HEAD_OFFICE_SCHOOL_MANAGE|*,transport-routes,edit
SMBackend/src/main/java/com/School/School_management/Controller/VehicleController.java,VehicleController,delete,DELETE,/api/vehicles/{id},SCHOOL_MANAGE|HEAD_OFFICE_SCHOOL_MANAGE|*,vehicles,delete
SMBackend/src/main/java/com/School/School_management/Controller/VehicleController.java,VehicleController,getById,GET,/api/vehicles/{id},SCHOOL_MANAGE|HEAD_OFFICE_SCHOOL_MANAGE|*,vehicles,view
SMBackend/src/main/java/com/School/School_management/Controller/VehicleController.java,VehicleController,update,PUT,/api/vehicles/{id},SCHOOL_MANAGE|HEAD_OFFICE_SCHOOL_MANAGE|*,vehicles,edit
SMBackend/src/main/java/com/School/School_management/Controller/WarehouseController.java,WarehouseController,delete,DELETE,/api/warehouses/{id},SCHOOL_MANAGE|HEAD_OFFICE_SCHOOL_MANAGE|*,warehouses,delete
SMBackend/src/main/java/com/School/School_management/Controller/WarehouseController.java,WarehouseController,getById,GET,/api/warehouses/{id},SCHOOL_MANAGE|HEAD_OFFICE_SCHOOL_MANAGE|*,warehouses,view
SMBackend/src/main/java/com/School/School_management/Controller/WarehouseController.java,WarehouseController,update,PUT,/api/warehouses/{id},SCHOOL_MANAGE|HEAD_OFFICE_SCHOOL_MANAGE|*,warehouses,edit